{
    "accuracy": 0.868,
    "precision": 0.8681318576479378,
    "recall": 0.868,
    "f1": 0.8680167271199264
}